"QS601EW"
"Economic activity"
"19/10/13"

,,"Count","Count","Count","Count","Count","Count","Count","Count","Count","Count","Count","Count","Count","Count","Count","Count"
,,"Person","Person","Person","Person","Person","Person","Person","Person","Person","Person","Person","Person","Person","Person","Person","Person"
,,"Economic activity (T016A)","Economic activity (T016A)","Economic activity (T016A)","Economic activity (T016A)","Economic activity (T016A)","Economic activity (T016A)","Economic activity (T016A)","Economic activity (T016A)","Economic activity (T016A)","Economic activity (T016A)","Economic activity (T016A)","Economic activity (T016A)","Economic activity (T016A)","Economic activity (T016A)","Economic activity (T016A)","Economic activity (T016A)"
"Geographic ID","Geographic Area","Total: All categories: Economic activity","Total: Economically active: Total","Economically active: Employee: Part-time","Economically active: Employee: Full-time","Economically active: Self-employed with employees: Part-time","Economically active: Self-employed with employees: Full-time","Economically active: Self-employed without employees: Part-time","Economically active: Self-employed without employees: Full-time","Economically active: Unemployed","Economically active: Full-time student","Total: Economically inactive: Total","Economically inactive: Retired","Economically inactive: Student (including full-time students)","Economically inactive: Looking after home or family","Economically inactive: Long-term sick or disabled","Economically inactive: Other"
"E92000001","England","38881374","27183134","5333268","15016564","148074","715271","990573","1939714","1702847","1336823","11698240","5320691","2255831","1695134","1574134","852450"
"W92000004","Wales","2245166","1476735","313022","799348","7564","42107","43250","101108","96689","73647","768431","361501","133880","86396","140760","45894"
