Supplementary Table 2. Genes more potently regulated by IL-15,,,,,,,,,,,,,,,,,,
,,,,,,,,,,,,,,,,,,
gene_name,symbol,RPKM,,,,,,,,,Fold Change,,,,,,,
,,,4 hour,,,,24 hour,,,,4 hour,,,,24 hour,,,
,,Cont,IL2_1nM,IL2_500nM,IL15_1nM,IL15_500nM,IL2_1nM,IL2_500nM,IL15_1nM,IL15_500nM,IL2_1nM,IL2_500nM,IL15_1nM,IL15_500nM,IL2_1nM,IL2_500nM,IL15_1nM,IL15_500nM
NM_001033122,Cd69,15.67,46.63,216.01,30.71,445.58,9.21,77.32,4.56,77.21,2.98,13.78,1.96,28.44,0.59,4.93,0.29,4.93
NM_026618,Ccdc56,9.07,12.55,9.25,5.88,14.33,20.08,20.91,11.97,22.69,1.38,1.02,0.65,1.58,2.21,2.31,1.32,2.50
NM_008637,Nudt1,9.31,7.51,8.60,11.21,6.84,15.85,25.14,7.56,22.77,0.81,0.92,1.20,0.73,1.70,2.70,0.81,2.45
NM_008638,Mthfd2,58.67,33.99,245.87,44.66,167.87,55.62,204.50,24.52,176.51,0.58,4.19,0.76,2.86,0.95,3.49,0.42,3.01
NM_178185,Hist1h2ao,7.13,16.52,7.82,7.79,16.99,75.04,290.72,21.99,164.93,2.32,1.10,1.09,2.38,10.52,40.78,3.08,23.13
NM_153527,Dnajb13,5.69,2.23,3.08,3.36,1.32,3.23,2.51,3.97,2.09,0.39,0.54,0.59,0.23,0.57,0.44,0.70,0.37
NM_001146058,Acot7,39.23,15.84,45.55,21.65,40.24,51.90,331.89,22.93,316.58,0.40,1.16,0.55,1.03,1.32,8.46,0.58,8.07
NM_008599,Cxcl9,2.33,4.44,27.85,4.24,44.66,5.36,4.08,1.47,3.44,1.91,11.95,1.82,19.16,2.30,1.75,0.63,1.48
NM_026854,Dtwd2,6.84,4.19,3.68,1.43,2.43,2.87,5.97,1.78,4.76,0.61,0.54,0.21,0.36,0.42,0.87,0.26,0.70
NM_028293,Cep55,1.34,1.71,0.92,1.95,1.56,2.88,10.34,1.04,10.85,1.27,0.68,1.45,1.16,2.15,7.69,0.77,8.07
NM_145466,A2ld1,40.00,6.46,7.63,17.87,5.26,20.00,20.71,8.60,19.34,0.16,0.19,0.45,0.13,0.50,0.52,0.22,0.48
NM_138653,Bspry,2.40,2.68,2.64,1.48,2.59,4.67,7.62,1.06,12.08,1.12,1.10,0.62,1.08,1.95,3.18,0.44,5.04
NM_001164488,Wars,21.62,25.28,112.40,30.65,164.66,78.12,106.65,18.08,110.05,1.17,5.20,1.42,7.62,3.61,4.93,0.84,5.09
NM_011854,Oasl2,6.40,10.07,100.67,13.28,213.73,24.18,65.41,7.51,91.11,1.57,15.73,2.07,33.39,3.78,10.22,1.17,14.23
NM_028189,B3gnt3,3.57,1.90,5.89,4.19,8.32,4.07,5.95,3.04,5.13,0.53,1.65,1.17,2.33,1.14,1.67,0.85,1.44
NM_020581,Angptl4,13.62,6.52,2.08,4.43,0.82,9.48,10.07,8.47,10.40,0.48,0.15,0.33,0.06,0.70,0.74,0.62,0.76
NM_028079,2010111I01Rik,9.12,9.48,18.25,20.04,18.90,9.79,13.78,9.77,11.64,1.04,2.00,2.20,2.07,1.07,1.51,1.07,1.28
NM_013847,Gcat,5.23,2.09,1.98,2.95,0.89,8.54,20.97,4.87,21.81,0.40,0.38,0.56,0.17,1.63,4.01,0.93,4.17
NM_028077,1810055G02Rik,6.95,5.05,10.17,7.43,4.72,4.06,15.43,4.10,12.11,0.73,1.46,1.07,0.68,0.58,2.22,0.59,1.74
NM_008838,Pigf,11.79,11.10,17.99,18.51,11.98,17.31,29.25,8.27,27.88,0.94,1.53,1.57,1.02,1.47,2.48,0.70,2.36
NM_183264,5830405N20Rik,9.00,4.24,6.17,2.76,10.64,7.99,7.41,3.90,6.35,0.47,0.69,0.31,1.18,0.89,0.82,0.43,0.71
NM_010735,Lta,28.43,49.75,1332.64,72.58,955.98,125.91,855.44,25.58,693.31,1.75,46.88,2.55,33.63,4.43,30.09,0.90,24.39
NM_146002,Rhbdd2,11.68,5.96,6.46,12.13,8.69,7.60,10.48,7.84,10.86,0.51,0.55,1.04,0.74,0.65,0.90,0.67,0.93
NM_009940,Coq7,6.76,3.87,6.56,6.15,8.22,12.39,29.17,2.73,28.60,0.57,0.97,0.91,1.22,1.83,4.32,0.40,4.23
NM_001163764,Tcf19,26.79,18.86,16.87,16.36,14.19,41.09,189.73,18.70,186.77,0.70,0.63,0.61,0.53,1.53,7.08,0.70,6.97
NM_001048058,Rpl38,495.82,212.47,242.78,702.93,319.82,484.34,78.20,504.09,246.76,0.43,0.49,1.42,0.65,0.98,0.16,1.02,0.50
NM_001038643,Slco3a1,20.45,11.08,17.55,9.53,41.73,27.23,39.89,23.16,41.60,0.54,0.86,0.47,2.04,1.33,1.95,1.13,2.03
NM_001048057,Rpl38,383.72,164.33,188.17,543.62,247.58,375.54,60.76,391.04,191.62,0.43,0.49,1.42,0.65,0.98,0.16,1.02,0.50
NM_133211,Tlr7,1.50,1.42,2.02,0.81,5.94,1.04,3.34,0.76,2.91,0.94,1.35,0.54,3.95,0.69,2.22,0.50,1.94
NM_008949,Psmc3ip,2.66,1.37,2.97,3.27,2.46,3.37,13.78,1.77,12.72,0.52,1.12,1.23,0.93,1.27,5.19,0.67,4.79
NM_026443,1700020C11Rik,2.10,2.68,1.56,1.93,1.16,5.09,5.82,1.43,3.89,1.28,0.74,0.92,0.55,2.43,2.77,0.68,1.86
NM_019501,Pdss1,5.85,3.99,9.55,3.90,9.65,7.90,21.88,3.66,23.29,0.68,1.63,0.67,1.65,1.35,3.74,0.63,3.98
NM_016672,Ddc,7.08,2.68,2.17,3.47,1.07,7.65,2.58,6.79,2.71,0.38,0.31,0.49,0.15,1.08,0.36,0.96,0.38
NM_019986,Habp4,6.33,4.39,3.45,5.15,1.66,5.48,2.34,6.37,2.08,0.69,0.55,0.81,0.26,0.87,0.37,1.01,0.33
NM_032465,Cd96,8.79,12.83,4.31,10.06,11.02,15.05,10.14,23.89,9.17,1.46,0.49,1.15,1.25,1.71,1.15,2.72,1.04
NM_015811,Rgs1,1.89,4.18,30.46,5.84,58.39,3.22,3.24,1.55,4.89,2.21,16.08,3.08,30.82,1.70,1.71,0.82,2.58
NM_013914,Snai3,38.28,11.11,6.89,9.63,2.68,12.81,15.12,17.70,19.27,0.29,0.18,0.25,0.07,0.33,0.40,0.46,0.50
NM_010931,Uhrf1,5.47,2.66,3.44,2.70,4.06,9.97,54.41,2.11,49.67,0.49,0.63,0.49,0.74,1.82,9.94,0.39,9.08
NM_177752,Eme1,3.25,3.98,3.12,2.65,3.47,6.06,14.89,2.94,14.67,1.23,0.96,0.82,1.07,1.87,4.58,0.91,4.52
NM_001164329,Gm6904,2.00,1.42,5.75,2.27,16.86,2.64,2.98,1.48,4.56,0.71,2.88,1.14,8.44,1.32,1.49,0.74,2.28
NM_001164327,Gm4902,7.55,5.76,28.93,9.02,71.98,10.43,12.65,6.87,17.16,0.76,3.83,1.19,9.53,1.38,1.68,0.91,2.27
NM_001146325,Tigit,2.93,16.28,5.70,11.72,5.03,4.56,3.39,1.84,6.68,5.56,1.95,4.00,1.72,1.56,1.16,0.63,2.28
NM_133210,Sertad3,8.94,19.52,12.61,12.19,26.11,14.36,10.17,15.57,7.05,2.18,1.41,1.36,2.92,1.61,1.14,1.74,0.79
NM_010591,Jun,7.91,9.96,86.57,12.96,119.42,9.08,47.73,4.49,38.15,1.26,10.95,1.64,15.10,1.15,6.04,0.57,4.82
NM_010846,Mx1,3.98,6.38,72.43,9.59,174.97,3.54,5.54,1.92,10.81,1.60,18.18,2.41,43.91,0.89,1.39,0.48,2.71
NM_027990,Lypd6b,6.55,7.69,1.21,3.48,1.63,8.01,0.87,10.20,1.27,1.17,0.18,0.53,0.25,1.22,0.13,1.56,0.19
NR_003508,Mx2,1.12,4.37,24.59,2.75,62.54,1.28,1.91,1.48,3.12,3.89,21.93,2.45,55.78,1.14,1.70,1.32,2.78
NM_001113379,Lrrc32,1.32,3.11,7.01,3.85,5.83,2.70,22.53,0.68,18.86,2.36,5.33,2.92,4.43,2.05,17.11,0.52,14.33
NM_011712,Wbp5,6.25,6.81,6.33,5.09,4.31,5.62,5.99,2.24,6.20,1.09,1.01,0.81,0.69,0.90,0.96,0.36,0.99
NM_008207,H2-T24,3.04,4.62,9.25,3.95,18.90,5.33,6.87,4.98,12.21,1.52,3.05,1.30,6.22,1.76,2.26,1.64,4.02
NM_008808,Pdgfa,3.57,6.57,3.21,5.84,2.35,3.85,3.61,7.06,1.17,1.84,0.90,1.64,0.66,1.08,1.01,1.98,0.33
NM_009828,Ccna2,11.71,9.77,8.45,9.64,9.01,17.07,99.11,8.21,93.54,0.83,0.72,0.82,0.77,1.46,8.47,0.70,7.99
NM_001161825,Pex7,24.43,17.94,22.99,7.86,14.10,12.72,22.41,15.65,24.29,0.73,0.94,0.32,0.58,0.52,0.92,0.64,0.99
NM_177960,Idi1,3.35,2.11,4.36,2.43,3.34,3.48,13.76,1.38,12.72,0.63,1.30,0.73,1.00,1.04,4.11,0.41,3.80
NM_001004436,Wapal,3.49,4.75,3.89,2.18,4.38,3.18,7.34,3.25,6.48,1.36,1.11,0.63,1.25,0.91,2.10,0.93,1.85
NM_013539,Spsb2,4.71,12.82,2.05,6.28,4.28,7.40,3.37,10.76,1.61,2.72,0.43,1.33,0.91,1.57,0.72,2.28,0.34
NM_027872,Slc46a3,14.68,6.64,10.70,4.02,21.82,9.71,4.09,6.44,5.37,0.45,0.73,0.27,1.49,0.66,0.28,0.44,0.37
NM_026456,Tceb1,3.88,4.51,6.24,3.76,8.47,6.04,9.92,2.86,10.42,1.16,1.61,0.97,2.19,1.56,2.56,0.74,2.69
NM_007899,Ecm1,3.19,9.94,99.16,43.08,106.75,7.36,35.80,4.76,34.38,3.12,31.11,13.52,33.49,2.31,11.23,1.49,10.79
NM_010276,Gem,3.15,7.94,32.28,6.39,29.55,6.08,27.48,1.68,26.57,2.52,10.24,2.03,9.38,1.93,8.72,0.53,8.43
NM_007891,E2f1,2.21,1.78,2.37,2.41,1.39,6.12,23.37,2.14,21.75,0.81,1.07,1.09,0.63,2.76,10.55,0.96,9.82
NM_009425,Tnfsf10,3.49,2.52,6.73,2.12,13.64,3.45,3.93,3.73,4.94,0.72,1.93,0.61,3.91,0.99,1.12,1.07,1.41
NM_007895,Ear2,13.29,3.64,0.74,3.41,1.95,7.13,1.21,17.66,1.04,0.27,0.06,0.26,0.15,0.54,0.09,1.33,0.08
NM_001135569,1190007I07Rik,21.06,13.59,19.93,14.93,7.96,23.58,39.08,21.36,37.77,0.65,0.95,0.71,0.38,1.12,1.86,1.01,1.79
NM_016844,Rps28,241.23,100.15,159.36,273.24,330.56,151.94,34.60,138.93,70.66,0.42,0.66,1.13,1.37,0.63,0.14,0.58,0.29
NM_016846,Rgl1,6.79,3.77,1.84,1.67,1.65,3.30,1.79,3.57,0.71,0.56,0.27,0.25,0.24,0.49,0.26,0.53,0.10
NM_134052,Adi1,36.96,40.40,20.69,20.11,16.84,51.83,29.13,44.81,36.14,1.09,0.56,0.54,0.46,1.40,0.79,1.21,0.98
NM_053161,Mrpl27,13.41,10.10,16.65,12.14,14.66,20.88,20.13,8.73,27.28,0.75,1.24,0.91,1.09,1.56,1.50,0.65,2.03
NM_026053,Gemin6,4.04,2.92,7.64,6.55,6.65,8.90,18.67,5.86,15.24,0.72,1.89,1.62,1.65,2.20,4.62,1.45,3.77
NM_028875,Xrcc3,2.47,0.97,1.48,1.08,0.87,3.28,6.16,1.28,7.31,0.39,0.60,0.44,0.35,1.33,2.49,0.52,2.95
NM_001164314,Wars,21.12,24.73,109.75,29.94,160.75,76.28,104.13,17.67,107.51,1.17,5.20,1.42,7.61,3.61,4.93,0.84,5.09
NM_026639,Art4,7.74,6.95,1.35,5.36,0.67,11.38,1.35,16.13,1.75,0.90,0.17,0.69,0.09,1.47,0.17,2.08,0.23
NM_025900,Dek,91.90,103.52,80.32,41.29,73.44,72.35,149.10,57.81,130.03,1.13,0.87,0.45,0.80,0.79,1.62,0.63,1.41
NM_145595,Cbr4,2.17,3.96,2.20,4.34,6.02,2.35,3.69,2.15,3.26,1.83,1.01,2.00,2.78,1.09,1.70,0.99,1.50
NM_025581,2810433K01Rik,1.12,1.13,0.77,1.91,0.85,2.19,6.37,1.04,7.04,1.00,0.69,1.70,0.76,1.95,5.66,0.92,6.26
NM_025587,Rps21,2878.18,1171.10,1618.61,3089.87,1942.99,1792.59,370.72,1746.17,841.84,0.41,0.56,1.07,0.68,0.62,0.13,0.61,0.29
NM_025345,0610037P05Rik,5.37,9.68,6.11,4.38,7.90,11.25,7.63,6.94,8.12,1.80,1.14,0.81,1.47,2.09,1.42,1.29,1.51
NM_198095,Bst2,17.93,11.65,44.54,13.59,95.40,29.56,83.80,16.27,89.11,0.65,2.48,0.76,5.32,1.65,4.67,0.91,4.97
NM_009569,Zfpm1,7.93,3.55,1.91,1.68,2.41,3.16,3.92,2.90,5.18,0.45,0.24,0.21,0.30,0.40,0.49,0.37,0.65
NM_138670,Mpst,5.55,3.90,2.58,8.46,1.88,7.71,4.68,5.64,4.37,0.70,0.46,1.52,0.34,1.39,0.84,1.02,0.79
NM_026772,Cdc42ep2,7.14,9.27,8.08,11.08,10.00,6.89,2.23,7.41,1.03,1.30,1.13,1.55,1.40,0.97,0.31,1.04,0.14
NM_007659,Cdc2a,3.13,1.67,3.54,2.53,2.42,11.29,45.76,2.26,44.73,0.53,1.13,0.81,0.77,3.61,14.62,0.72,14.29
NM_007651,Cd53,34.23,79.05,73.92,51.60,151.96,61.28,53.59,43.38,54.19,2.31,2.16,1.51,4.44,1.79,1.57,1.27,1.58
NM_008361,Il1b,3.07,30.30,25.55,20.14,22.16,3.77,28.61,1.60,9.47,9.87,8.32,6.56,7.22,1.23,9.32,0.52,3.08
NM_146243,Actr2,112.48,51.70,98.37,92.44,94.11,83.83,84.07,41.87,81.53,0.46,0.87,0.82,0.84,0.75,0.75,0.37,0.72
NM_025564,Magohb,15.89,7.88,27.81,13.79,23.18,18.78,51.84,9.19,43.62,0.50,1.75,0.87,1.46,1.18,3.26,0.58,2.74
NM_031159,Apobec1,3.68,6.11,5.57,4.02,11.21,6.67,1.55,8.87,1.79,1.66,1.51,1.09,3.05,1.81,0.42,2.41,0.49
NM_008819,Pemt,3.27,1.49,2.63,4.72,5.18,4.91,7.28,3.90,7.31,0.45,0.80,1.44,1.58,1.50,2.23,1.19,2.24
NM_011852,Oas1g,13.22,15.22,76.89,22.50,173.21,21.37,41.98,17.52,57.20,1.15,5.82,1.70,13.10,1.62,3.17,1.32,4.33
NR_027819,1810032O08Rik,3.67,3.93,5.89,9.48,6.92,9.41,4.83,11.79,9.53,1.07,1.60,2.58,1.88,2.56,1.31,3.21,2.59
NM_010049,Dhfr,1.84,3.05,1.70,1.94,3.52,2.86,8.09,2.38,10.17,1.66,0.92,1.06,1.91,1.55,4.39,1.29,5.53
NM_008968,Ptgis,20.50,2.02,2.09,2.05,0.67,1.18,0.62,1.49,0.50,0.10,0.10,0.10,0.03,0.06,0.03,0.07,0.02
NM_008969,Ptgs1,13.53,3.16,1.64,3.07,0.73,2.52,0.58,2.21,0.51,0.23,0.12,0.23,0.05,0.19,0.04,0.16,0.04
NM_001034870,Serpina3h,1.97,2.14,11.31,1.57,15.83,3.69,3.82,1.21,3.59,1.09,5.73,0.79,8.02,1.87,1.93,0.62,1.82
NM_011404,Slc7a5,5.85,4.72,19.96,4.96,18.97,7.50,36.12,3.55,31.50,0.81,3.41,0.85,3.24,1.28,6.17,0.61,5.38
NM_009361,Tfdp1,10.80,6.58,11.64,7.86,10.73,21.05,60.90,7.11,54.31,0.61,1.08,0.73,0.99,1.95,5.64,0.66,5.03
NM_026507,Zwilch,1.02,2.45,0.90,0.88,1.34,2.22,5.88,0.66,5.06,2.40,0.88,0.86,1.31,2.17,5.76,0.65,4.95
NM_019418,Tnfsf14,7.16,1.52,3.44,0.50,2.21,4.04,6.27,2.04,7.43,0.21,0.48,0.07,0.31,0.56,0.88,0.28,1.04
NM_001110517,Gm14446,25.93,60.84,135.91,50.18,315.02,81.76,37.10,53.95,48.17,2.35,5.24,1.94,12.15,3.15,1.43,2.08,1.86
NM_033541,Oas1c,5.11,6.83,7.08,7.70,16.26,9.45,3.20,8.04,3.71,1.34,1.39,1.51,3.18,1.85,0.63,1.57,0.73
NM_009028,Rasl2-9,68.40,49.90,79.15,58.54,70.56,90.81,249.65,44.49,239.47,0.73,1.16,0.86,1.03,1.33,3.65,0.65,3.50
NM_027868,Slc41a3,6.06,3.50,2.98,3.40,1.32,3.00,1.61,3.36,2.39,0.58,0.49,0.56,0.22,0.49,0.27,0.55,0.40
NM_008566,Mcm5,21.33,22.53,31.12,22.98,32.98,43.58,191.08,17.99,184.77,1.06,1.46,1.08,1.55,2.04,8.96,0.84,8.66
NM_177420,Psat1,16.27,17.21,79.07,18.72,66.75,36.41,141.22,10.30,117.60,1.06,4.86,1.15,4.10,2.24,8.68,0.63,7.23
NM_021451,Pmaip1,1.71,7.34,8.93,5.92,8.24,1.14,1.81,2.32,1.37,4.28,5.21,3.45,4.81,0.67,1.06,1.36,0.80
NM_022327,Ralb,6.42,4.80,3.68,3.41,2.93,5.79,4.35,2.97,2.18,0.75,0.57,0.53,0.46,0.90,0.68,0.46,0.34
NM_022324,Sdf2l1,51.62,10.58,14.03,11.94,16.94,47.43,198.91,16.63,141.30,0.20,0.27,0.23,0.33,0.92,3.85,0.32,2.74
NM_029084,Slamf8,7.41,1.13,3.47,1.87,2.92,5.61,2.57,1.77,2.38,0.15,0.47,0.25,0.39,0.76,0.35,0.24,0.32
NM_146074,Tfb1m,16.64,8.44,24.48,19.37,15.23,15.62,18.64,13.46,17.12,0.51,1.47,1.16,0.92,0.94,1.12,0.81,1.03
NM_026158,Isoc2b,2.19,4.15,4.68,5.88,6.13,11.44,1.55,7.14,3.35,1.90,2.14,2.68,2.80,5.23,0.71,3.26,1.53
NM_026932,Ebna1bp2,8.17,9.17,17.54,12.08,22.94,17.65,54.55,7.85,46.30,1.12,2.15,1.48,2.81,2.16,6.68,0.96,5.67
NM_009480,Usf1,8.54,10.77,9.47,15.43,20.51,20.99,10.20,19.93,13.72,1.26,1.11,1.81,2.40,2.46,1.19,2.33,1.61
NM_001135568,1190007I07Rik,19.80,12.56,19.41,14.66,7.83,22.79,38.02,20.41,36.61,0.63,0.98,0.74,0.40,1.15,1.92,1.03,1.85
NM_015828,Gne,12.24,9.19,7.86,8.48,3.80,9.91,9.73,12.55,9.14,0.75,0.64,0.69,0.31,0.81,0.79,1.03,0.75
NM_011132,Pole,1.66,2.33,2.26,2.33,1.90,2.72,8.35,1.31,9.30,1.41,1.37,1.40,1.14,1.64,5.04,0.79,5.61
NM_025599,2610528E23Rik,8.09,4.47,10.10,10.90,10.48,9.08,23.27,7.04,20.70,0.55,1.25,1.35,1.30,1.12,2.88,0.87,2.56
NM_145588,Kif22,3.17,5.11,2.78,2.07,4.49,7.95,27.75,4.27,26.28,1.61,0.88,0.65,1.42,2.51,8.76,1.35,8.30
NM_030712,Cxcr6,21.24,17.50,9.62,6.91,14.21,39.03,33.22,57.12,28.17,0.82,0.45,0.33,0.67,1.84,1.56,2.69,1.33
NM_028791,1300018I05Rik,16.03,25.30,37.94,27.58,76.47,22.61,25.22,21.32,31.58,1.58,2.37,1.72,4.77,1.41,1.57,1.33,1.97
NM_025676,Mcm8,1.17,1.22,2.35,2.39,1.09,2.80,9.29,0.90,9.82,1.04,2.00,2.04,0.93,2.38,7.92,0.77,8.37
NM_001042652,Nusap1,1.40,1.64,2.03,0.99,2.52,2.16,5.96,0.84,8.34,1.17,1.45,0.71,1.80,1.54,4.25,0.60,5.95
NM_008683,Nedd8,58.81,30.54,40.29,45.13,31.72,54.79,93.94,24.44,79.28,0.52,0.68,0.77,0.54,0.93,1.60,0.42,1.35
NM_009775,Tspo,118.26,119.82,115.81,121.15,269.79,286.77,115.84,219.75,135.06,1.01,0.98,1.02,2.28,2.43,0.98,1.86,1.14
NM_008358,Il15ra,9.83,2.38,18.67,6.55,22.71,15.76,19.32,5.98,23.31,0.24,1.90,0.67,2.31,1.60,1.97,0.61,2.37
NM_030150,Dhx58,9.72,18.21,88.84,18.26,217.39,14.11,30.65,9.32,36.79,1.87,9.14,1.88,22.37,1.45,3.15,0.96,3.78
NM_008353,Il12rb1,6.85,2.50,24.75,1.56,32.69,9.21,88.48,3.86,69.58,0.36,3.61,0.23,4.77,1.34,12.92,0.56,10.16
NM_008357,Il15,1.10,1.48,4.89,3.05,6.08,3.26,1.28,1.72,1.14,1.34,4.42,2.76,5.50,2.95,1.16,1.56,1.04
NM_008354,Il12rb2,1.15,3.48,23.34,6.42,41.67,2.01,19.09,0.69,16.15,3.03,20.35,5.59,36.32,1.75,16.64,0.60,14.08
NM_007796,Ctla2a,1.89,5.57,5.88,6.31,16.01,2.33,6.63,1.67,8.80,2.95,3.11,3.34,8.48,1.23,3.51,0.88,4.66
NM_007792,Csrp2,4.10,3.80,3.77,8.45,2.02,6.58,7.93,7.94,5.58,0.93,0.92,2.06,0.49,1.61,1.94,1.94,1.36
NM_011799,Cdc6,1.04,0.63,0.88,0.68,0.72,2.18,8.25,0.71,7.35,0.60,0.85,0.65,0.69,2.10,7.97,0.69,7.09
NM_001159396,Irf1,250.87,226.50,1045.66,231.84,988.28,410.49,392.45,180.06,420.24,0.90,4.17,0.92,3.94,1.64,1.56,0.72,1.68
NM_001081212,Irs2,2.09,5.80,2.25,5.38,2.48,1.19,1.04,2.70,1.38,2.78,1.08,2.58,1.19,0.57,0.50,1.30,0.66
NM_023209,Pbk,1.95,1.26,1.55,0.97,1.11,3.28,21.08,1.17,17.51,0.64,0.79,0.50,0.57,1.68,10.80,0.60,8.97
NM_007696,Ovgp1,3.33,3.52,2.28,2.20,2.27,3.46,0.80,7.38,1.38,1.06,0.69,0.66,0.68,1.04,0.24,2.22,0.41
NR_027820,1810032O08Rik,4.10,3.88,5.98,9.13,6.96,9.71,4.72,12.81,9.91,0.95,1.46,2.23,1.70,2.37,1.15,3.12,2.42
NM_001033238,Cblb,4.38,9.43,5.31,8.47,10.87,4.93,4.62,5.30,4.43,2.15,1.21,1.94,2.48,1.12,1.05,1.21,1.01
NM_001123371,Pnp2,6.25,9.99,17.83,10.99,38.68,14.34,22.81,12.66,27.96,1.60,2.85,1.76,6.19,2.29,3.65,2.02,4.47
NM_019641,Stmn1,85.36,103.07,62.28,106.91,59.53,169.27,603.65,74.62,620.56,1.21,0.73,1.25,0.70,1.98,7.07,0.87,7.27
NM_015783,Isg15,4.13,12.38,95.59,15.76,233.48,11.18,48.95,5.93,56.70,3.00,23.14,3.82,56.52,2.71,11.85,1.44,13.73
NM_015787,Hist1h1e,3.34,5.55,1.87,2.89,3.81,4.26,8.02,2.78,7.86,1.66,0.56,0.86,1.14,1.28,2.40,0.83,2.35
NM_029886,9430038I01Rik,12.90,6.76,13.57,12.90,6.08,13.47,21.21,12.94,15.35,0.52,1.05,1.00,0.47,1.04,1.64,1.00,1.19
NM_009013,Rad51ap1,3.98,5.30,6.87,6.42,7.92,7.61,48.01,2.72,43.88,1.33,1.72,1.61,1.99,1.91,12.05,0.68,11.02
NM_172684,Rsbn1,6.29,5.65,4.32,2.58,5.74,4.07,3.00,4.38,3.07,0.90,0.69,0.41,0.91,0.65,0.48,0.70,0.49
NM_025380,Eef1e1,8.05,4.29,13.99,5.98,14.65,12.67,30.45,5.84,32.78,0.53,1.74,0.74,1.82,1.57,3.78,0.73,4.07
NM_010259,Gbp1,1.69,1.93,18.00,1.83,35.02,6.17,12.91,1.65,10.80,1.14,10.65,1.08,20.71,3.65,7.63,0.97,6.39
NM_008510,Xcl1,19.01,9.67,33.60,9.87,34.96,40.55,130.52,16.79,101.27,0.51,1.77,0.52,1.84,2.13,6.87,0.88,5.33
NM_027455,Qpct,4.81,6.16,13.05,12.80,8.51,10.37,5.04,10.65,5.80,1.28,2.71,2.66,1.77,2.15,1.05,2.21,1.21
NM_170669,Rps15a,24.24,54.83,33.08,48.49,43.57,18.12,25.48,45.27,38.13,2.26,1.36,2.00,1.80,0.75,1.05,1.87,1.57
NM_026329,Polr2g,10.25,10.70,13.56,10.04,9.66,21.77,15.70,9.17,19.02,1.04,1.32,0.98,0.94,2.12,1.53,0.90,1.86
NM_199146,AI451617,4.46,6.30,13.57,4.25,31.93,3.24,10.55,5.71,9.48,1.41,3.04,0.95,7.16,0.73,2.37,1.28,2.12
NM_009164,Sh3bp1,42.70,17.04,24.41,28.59,11.33,26.85,38.04,29.28,37.52,0.40,0.57,0.67,0.27,0.63,0.89,0.69,0.88
NM_053217,2010002M12Rik,3.84,11.16,30.87,10.64,71.07,11.57,6.72,8.47,9.54,2.91,8.05,2.77,18.53,3.01,1.75,2.21,2.49
NM_011121,Plk1,5.12,4.00,5.11,4.54,6.19,11.20,52.20,3.07,49.26,0.78,1.00,0.89,1.21,2.19,10.19,0.60,9.62
NM_146133,Golph3l,1.53,6.98,1.64,3.70,3.45,4.10,2.86,5.69,2.66,4.56,1.07,2.42,2.25,2.67,1.87,3.72,1.74
NM_009741,Bcl2,24.75,21.10,79.45,58.65,66.98,24.47,50.50,20.27,50.35,0.85,3.21,2.37,2.71,0.99,2.04,0.82,2.03
NM_172648,Ifi205,11.12,12.95,27.99,12.39,60.27,9.94,12.89,12.15,12.27,1.16,2.52,1.11,5.42,0.89,1.16,1.09,1.10
NM_007630,Ccnb2,7.86,10.31,11.09,12.40,12.12,26.78,73.94,6.77,81.97,1.31,1.41,1.58,1.54,3.41,9.41,0.86,10.44
NM_001163763,Tcf19,24.56,17.45,15.53,15.08,13.17,37.69,174.61,17.38,171.43,0.71,0.63,0.61,0.54,1.53,7.11,0.71,6.98
NR_024720,2700099C18Rik,2.61,5.96,2.80,5.87,5.77,1.39,6.34,2.81,7.49,2.29,1.07,2.25,2.21,0.53,2.43,1.08,2.87
NM_007797,Ctla2b,3.23,6.78,2.87,5.03,6.82,2.11,4.64,4.10,5.87,2.10,0.89,1.56,2.11,0.65,1.44,1.27,1.82
NM_028123,Slc37a3,1.32,4.03,2.78,2.86,6.49,1.99,4.37,2.39,4.71,3.05,2.11,2.17,4.92,1.51,3.31,1.81,3.57
NM_001012273,Birc5,1.77,2.21,1.65,1.76,1.69,7.43,25.28,1.70,28.92,1.24,0.93,0.99,0.95,4.19,14.25,0.96,16.31
NM_001024721,BC094916,3.99,20.58,35.20,11.88,80.14,12.71,17.59,11.69,20.67,5.16,8.83,2.98,20.10,3.19,4.41,2.93,5.19
NM_008234,Hells,5.09,2.51,2.17,2.00,3.20,5.26,21.38,1.95,21.60,0.49,0.43,0.39,0.63,1.03,4.20,0.38,4.24
NM_023233,Trim13,5.07,14.51,6.92,9.91,5.38,3.29,8.49,8.59,8.61,2.86,1.36,1.95,1.06,0.65,1.68,1.69,1.70
NM_023239,Ndnl2,62.92,65.44,58.63,31.70,36.06,61.01,66.84,56.64,58.34,1.04,0.93,0.50,0.57,0.97,1.06,0.90,0.93
NM_025556,2410022L05Rik,5.79,1.19,2.43,2.05,1.19,3.74,3.82,3.15,2.77,0.21,0.42,0.35,0.21,0.65,0.66,0.54,0.48
NM_001039647,EG634650,5.05,5.81,47.41,7.76,80.23,13.19,18.77,4.44,22.08,1.15,9.38,1.53,15.87,2.61,3.71,0.88,4.37
NM_001145799,Ctla2a,1.93,5.70,6.03,6.47,16.27,2.38,6.80,1.72,9.03,2.95,3.13,3.36,8.44,1.24,3.53,0.89,4.68
NM_010062,Dnase2a,9.26,4.83,5.02,6.19,3.70,4.38,3.01,9.96,2.51,0.52,0.54,0.67,0.40,0.47,0.33,1.08,0.27
NM_028611,2410091C18Rik,3.28,4.60,3.91,3.76,5.22,5.33,8.22,2.51,9.33,1.41,1.19,1.15,1.59,1.63,2.51,0.77,2.85
NM_172920,Dpy19l1,2.98,4.18,3.75,3.48,8.40,4.98,5.23,3.04,6.62,1.40,1.26,1.17,2.82,1.67,1.75,1.02,2.22
NM_008329,Ifi204,5.20,8.22,16.28,7.41,42.01,7.38,7.27,7.62,7.72,1.58,3.13,1.42,8.07,1.42,1.40,1.46,1.48
NM_021891,Fignl1,1.27,2.11,1.88,0.65,2.11,4.06,23.86,1.21,19.09,1.66,1.48,0.51,1.66,3.20,18.78,0.95,15.03
NM_177370,Rhbdd3,7.74,4.47,5.59,11.12,3.98,9.56,18.30,7.69,16.46,0.58,0.72,1.44,0.51,1.24,2.36,0.99,2.13
NM_177372,Dna2,1.05,0.63,3.81,0.55,5.20,1.96,6.87,0.82,5.84,0.60,3.64,0.52,4.97,1.88,6.57,0.79,5.58
NM_009171,Shmt1,11.83,4.31,13.06,9.55,12.00,12.17,55.77,4.05,50.87,0.36,1.10,0.81,1.01,1.03,4.71,0.34,4.30
NM_170704,Cd40,6.07,11.04,26.81,10.58,38.21,7.65,12.49,2.92,9.60,1.82,4.42,1.74,6.29,1.26,2.06,0.48,1.58
NM_022011,Gtf2h2,2.97,8.15,6.06,2.43,6.92,6.96,9.37,5.08,7.37,2.74,2.04,0.82,2.33,2.34,3.15,1.71,2.48
NM_027532,3200002M19Rik,11.26,5.93,8.68,13.13,7.01,14.31,38.98,6.48,31.99,0.53,0.77,1.17,0.62,1.27,3.46,0.58,2.84
NM_170703,Cd40,6.08,11.15,27.44,10.72,38.51,7.81,12.74,3.00,9.71,1.83,4.51,1.76,6.33,1.28,2.09,0.49,1.60
NM_021274,Cxcl10,2.85,35.72,437.96,42.30,980.45,41.00,34.83,6.27,35.64,12.53,153.67,14.84,344.01,14.39,12.22,2.20,12.50
NM_178415,Bbs9,3.30,3.07,1.58,3.14,3.56,5.63,1.47,6.23,2.75,0.93,0.48,0.95,1.08,1.71,0.45,1.89,0.84
NM_029662,Mfsd2,1.14,1.53,7.08,1.31,8.90,1.94,12.15,0.58,9.61,1.34,6.22,1.15,7.82,1.70,10.67,0.51,8.44
NM_178041,Eif5,87.19,89.99,68.89,35.27,56.25,59.30,100.54,58.89,85.72,1.03,0.79,0.40,0.65,0.68,1.15,0.68,0.98
NM_025378,Ifitm3,16.67,4.62,13.71,9.25,36.72,5.45,13.78,7.39,13.65,0.28,0.82,0.55,2.20,0.33,0.83,0.44,0.82
NM_173014,Lpcat2,8.85,3.27,2.23,1.29,1.51,2.53,0.84,3.28,0.54,0.37,0.25,0.15,0.17,0.29,0.09,0.37,0.06
NM_001164187,Nagk,3.84,5.18,6.66,7.36,3.04,5.68,5.75,6.43,5.50,1.35,1.74,1.92,0.79,1.48,1.50,1.67,1.43
NM_175439,Mars2,16.60,7.55,8.33,7.64,4.09,8.06,11.31,9.29,12.72,0.45,0.50,0.46,0.25,0.49,0.68,0.56,0.77
NM_030717,Lactb,5.16,11.78,3.10,4.93,4.09,6.30,4.87,5.86,4.83,2.29,0.60,0.96,0.79,1.22,0.95,1.14,0.94
NM_030176,Spata2L,6.85,8.19,4.21,9.23,3.57,4.20,2.10,8.77,3.31,1.20,0.61,1.35,0.52,0.61,0.31,1.28,0.48
NM_175382,Fam72a,4.15,1.52,3.59,1.89,3.69,5.41,23.04,2.63,16.22,0.37,0.87,0.46,0.89,1.30,5.55,0.63,3.91
NM_028115,Trub1,4.49,8.03,8.93,3.97,8.04,9.03,18.15,10.68,16.35,1.79,1.99,0.88,1.79,2.01,4.04,2.38,3.64
NM_025553,Mrpl11,17.81,18.14,15.74,15.63,21.78,26.73,35.63,11.40,32.65,1.02,0.88,0.88,1.22,1.50,2.00,0.64,1.83
NM_008245,Hhex,25.86,11.24,5.38,9.73,2.05,9.20,5.83,12.23,4.35,0.43,0.21,0.38,0.08,0.36,0.23,0.47,0.17
NM_001101605,Gm14446,26.85,62.99,140.61,51.99,326.12,84.61,38.30,55.93,49.89,2.35,5.24,1.94,12.15,3.15,1.43,2.08,1.86
NM_007547,Sirpa,47.30,10.22,7.76,8.26,2.78,23.00,2.36,33.80,1.92,0.22,0.16,0.17,0.06,0.49,0.05,0.71,0.04
NM_133200,P2ry14,2.05,1.53,4.30,1.99,15.01,2.36,4.76,1.56,4.58,0.74,2.09,0.97,7.31,1.15,2.32,0.76,2.23
NM_001159289,Bcl11a,6.30,4.58,3.16,4.25,2.65,4.65,2.55,4.08,1.13,0.73,0.50,0.68,0.42,0.74,0.40,0.65,0.18
NM_028411,Tmem138,6.53,6.82,3.96,5.79,4.15,5.08,7.93,2.43,6.37,1.05,0.61,0.89,0.64,0.78,1.21,0.37,0.98
NM_010658,Mafb,26.05,2.44,1.14,2.82,0.56,8.59,0.62,13.17,0.51,0.09,0.04,0.11,0.02,0.33,0.02,0.51,0.02
NM_033601,Bcl3,22.97,54.25,187.58,67.38,166.88,24.10,46.07,11.75,32.94,2.36,8.17,2.93,7.27,1.05,2.01,0.51,1.43
NM_013694,Tnp2,3.77,3.90,9.33,2.60,23.11,6.54,24.74,3.12,27.17,1.03,2.47,0.69,6.12,1.73,6.56,0.83,7.20
NM_027835,Ifih1,2.09,4.08,14.13,3.79,36.56,2.36,3.38,1.73,4.20,1.95,6.75,1.81,17.48,1.13,1.62,0.83,2.01
NM_027782,Kctd6,2.49,6.69,3.54,1.77,4.92,4.33,2.23,3.13,1.89,2.69,1.42,0.71,1.98,1.74,0.90,1.26,0.76
NM_170702,Cd40,6.05,10.91,26.84,10.49,38.48,7.74,12.54,2.98,9.72,1.80,4.43,1.73,6.36,1.28,2.07,0.49,1.61
NM_012012,Exo1,1.30,0.68,0.89,0.76,1.95,1.92,10.20,1.53,8.19,0.52,0.68,0.58,1.50,1.47,7.85,1.17,6.30
NM_177140,D230037D09Rik,96.99,30.14,45.96,14.43,35.95,23.54,46.74,34.74,41.51,0.31,0.47,0.15,0.37,0.24,0.48,0.36,0.43
NM_009104,Rrm2,11.82,6.69,5.00,7.00,6.57,32.66,203.65,9.12,201.16,0.57,0.42,0.59,0.56,2.76,17.24,0.77,17.03
NM_026785,Ube2c,20.20,16.44,20.93,22.17,16.16,46.85,179.99,16.20,168.15,0.81,1.04,1.10,0.80,2.32,8.91,0.80,8.32
NM_027015,Rps27,71.47,73.49,100.46,112.71,133.90,35.69,15.53,94.94,37.39,1.03,1.41,1.58,1.87,0.50,0.22,1.33,0.52
NM_027014,Gins1,2.46,1.52,2.48,3.23,2.45,8.15,34.37,2.69,34.27,0.62,1.01,1.31,1.00,3.32,14.00,1.10,13.96
NM_026309,Lsm3,3.44,2.37,3.83,3.66,3.13,7.01,9.47,2.02,6.77,0.69,1.11,1.06,0.91,2.04,2.75,0.59,1.97
NM_178052,Ddx59,8.41,4.33,5.44,4.63,3.70,7.57,6.62,4.79,3.08,0.52,0.65,0.55,0.44,0.90,0.79,0.57,0.37
NM_001082974,Neurl2,10.62,2.97,2.60,4.63,2.09,4.97,2.73,11.49,2.94,0.28,0.25,0.44,0.20,0.47,0.26,1.08,0.28
NM_021792,Iigp1,0.61,1.05,15.52,1.01,36.24,4.14,13.97,0.83,12.65,1.73,25.45,1.65,59.43,6.78,22.91,1.36,20.75
NM_009728,Atp10a,2.41,1.95,7.66,4.41,14.22,2.44,7.83,2.25,7.94,0.81,3.18,1.83,5.91,1.01,3.25,0.94,3.30
NM_026125,Fam132a,2.28,4.12,15.15,9.00,13.91,3.90,3.44,2.51,3.33,1.81,6.66,3.95,6.11,1.71,1.51,1.10,1.46
NM_025415,Cks2,5.80,19.63,17.12,19.88,16.64,18.41,48.81,5.73,48.61,3.38,2.95,3.43,2.87,3.17,8.41,0.99,8.38
NM_008059,G0s2,11.33,2.27,2.79,8.22,0.70,10.19,4.76,12.30,3.12,0.20,0.25,0.73,0.06,0.90,0.42,1.09,0.28
NM_029509,5830443L24Rik,19.46,14.10,65.29,15.63,105.87,46.03,32.15,15.92,41.23,0.72,3.35,0.80,5.44,2.37,1.65,0.82,2.12
NM_009437,Tst,1.85,7.40,1.53,6.10,3.12,4.76,4.73,3.56,6.13,4.00,0.83,3.30,1.69,2.58,2.56,1.93,3.32
NM_001008497,P2ry14,2.17,1.60,4.57,2.10,15.88,2.45,5.05,1.64,4.83,0.74,2.11,0.97,7.31,1.13,2.33,0.75,2.22
NM_028109,Tpx2,2.10,2.97,3.07,0.94,4.40,5.07,20.95,1.78,22.31,1.42,1.46,0.45,2.10,2.42,9.98,0.85,10.63
NM_172603,Phf11,7.53,5.67,22.47,7.52,58.22,8.11,12.56,4.83,14.42,0.75,2.98,1.00,7.73,1.08,1.67,0.64,1.91
NM_183275,1110002N22Rik,1.86,5.10,3.07,6.65,8.10,5.72,7.72,5.64,9.03,2.75,1.65,3.58,4.36,3.08,4.16,3.04,4.86
NM_007778,Csf1,0.83,1.46,7.87,1.30,11.51,1.16,0.72,0.90,1.62,1.75,9.43,1.56,13.80,1.39,0.86,1.08,1.94
NR_027852,Cd40,5.75,10.45,25.29,10.00,36.14,7.23,11.83,2.78,9.09,1.82,4.40,1.74,6.29,1.26,2.06,0.48,1.58
NR_027851,2900005J15Rik,8.36,2.03,3.44,2.00,1.34,2.63,1.65,2.58,2.16,0.24,0.41,0.24,0.16,0.31,0.20,0.31,0.26
NM_178605,Nop16,10.74,11.19,20.89,16.55,19.59,16.83,47.66,7.33,46.55,1.04,1.95,1.54,1.82,1.57,4.44,0.68,4.33
NM_001163470,Trafd1,22.99,26.10,114.58,35.46,237.07,33.05,53.31,23.90,68.43,1.14,4.98,1.54,10.31,1.44,2.32,1.04,2.98
NM_001004140,Ckap2,1.74,0.95,2.74,2.15,2.69,5.00,14.18,1.11,14.67,0.55,1.58,1.24,1.55,2.88,8.17,0.64,8.45
NM_013737,Pla2g7,13.99,4.46,6.73,3.82,3.27,10.06,2.47,16.66,1.62,0.32,0.48,0.27,0.23,0.72,0.18,1.19,0.12
NM_001162493,Mpst,6.08,4.26,2.80,9.27,2.02,8.46,5.12,6.18,4.77,0.70,0.46,1.52,0.33,1.39,0.84,1.02,0.78
NM_001162492,Mpst,5.95,4.17,2.75,9.07,1.98,8.28,5.01,6.05,4.67,0.70,0.46,1.52,0.33,1.39,0.84,1.02,0.79
NM_027954,Syce2,5.97,7.69,4.69,8.83,6.61,11.47,40.24,4.04,44.10,1.29,0.79,1.48,1.11,1.92,6.75,0.68,7.39
NM_178114,Amigo2,6.51,4.98,3.53,4.42,7.31,3.06,2.15,2.81,2.24,0.76,0.54,0.68,1.12,0.47,0.33,0.43,0.34
NM_027009,Rfc3,6.16,10.29,26.27,12.65,52.68,15.64,50.77,8.24,52.85,1.67,4.26,2.05,8.55,2.54,8.24,1.34,8.58
NM_026578,Gar1,6.91,4.39,9.06,8.87,10.96,10.40,17.86,7.78,22.13,0.64,1.31,1.28,1.59,1.51,2.59,1.13,3.20
NM_016904,Cks1b,15.86,11.99,10.62,12.67,11.80,26.93,102.99,8.60,93.57,0.76,0.67,0.80,0.74,1.70,6.49,0.54,5.90
NM_001159393,Irf1,107.09,87.37,390.55,94.44,375.51,157.43,172.87,73.30,178.75,0.82,3.65,0.88,3.51,1.47,1.61,0.68,1.67
NM_009608,Actc1,5.60,1.75,2.71,2.18,3.36,3.98,6.66,1.91,5.11,0.31,0.48,0.39,0.60,0.71,1.19,0.34,0.91
NM_008089,Gata1,1.56,0.89,6.43,0.91,7.15,2.59,4.04,0.50,4.03,0.57,4.13,0.59,4.60,1.67,2.60,0.32,2.59
NM_001164220,Trim13,4.90,13.96,6.68,9.52,5.20,3.12,8.19,8.27,8.29,2.85,1.36,1.94,1.06,0.64,1.67,1.69,1.69
NM_028244,Rrp1b,4.74,2.04,6.03,4.14,5.38,5.25,16.76,2.23,14.41,0.43,1.27,0.87,1.14,1.11,3.54,0.47,3.04
NM_026192,Calcoco1,2.81,5.11,2.08,5.01,4.19,5.90,1.08,6.65,1.25,1.82,0.74,1.79,1.49,2.10,0.39,2.37,0.45
NM_008392,Irg1,0.50,1.38,2.80,1.37,6.49,8.52,6.65,2.22,3.23,2.75,5.60,2.73,12.97,17.03,13.29,4.45,6.46
NM_016741,Scarb1,30.18,8.66,10.05,9.01,5.01,13.04,28.56,11.37,23.79,0.29,0.33,0.30,0.17,0.43,0.95,0.38,0.79
NM_133348,Acot7,36.41,14.92,42.88,20.08,37.83,48.63,312.59,21.36,296.50,0.41,1.18,0.55,1.04,1.34,8.59,0.59,8.14
NM_133851,Nusap1,1.38,1.60,2.01,0.98,2.52,2.13,5.85,0.82,8.19,1.16,1.45,0.71,1.82,1.55,4.24,0.60,5.93
NM_025530,Cutc,7.04,7.88,10.92,17.97,12.64,8.44,5.47,9.67,6.09,1.12,1.55,2.55,1.80,1.20,0.78,1.37,0.87
NM_144899,Adamtsl4,2.16,2.78,6.70,7.54,6.25,3.49,1.43,6.37,1.71,1.28,3.09,3.48,2.89,1.61,0.66,2.94,0.79
NM_178595,Ptrh1,2.00,2.69,1.49,4.63,3.96,3.07,6.70,3.15,6.22,1.35,0.74,2.31,1.98,1.54,3.35,1.57,3.11
NM_139117,Csda,8.84,13.01,17.29,15.11,17.05,11.27,31.82,5.38,27.32,1.47,1.96,1.71,1.93,1.28,3.60,0.61,3.09
NM_001039160,Gvin1,1.59,1.67,6.62,1.89,10.00,5.37,4.14,1.41,4.66,1.05,4.17,1.19,6.29,3.38,2.61,0.88,2.93
NM_001045481,Ifi203,7.45,7.54,24.44,6.45,62.92,6.07,9.93,5.90,10.57,1.01,3.28,0.87,8.45,0.82,1.33,0.79,1.42
NM_009283,Stat1,109.31,123.24,384.89,100.95,465.09,246.67,218.97,70.87,221.33,1.13,3.52,0.92,4.25,2.26,2.00,0.65,2.02
NM_001163269,Lpar5,5.92,2.10,0.79,0.93,0.76,2.93,3.96,3.21,4.76,0.35,0.13,0.16,0.13,0.50,0.67,0.54,0.80
NM_001163268,Lpar5,5.68,2.03,0.74,0.91,0.75,2.82,3.83,3.11,4.57,0.36,0.13,0.16,0.13,0.50,0.67,0.55,0.80
NM_028469,3110082I17Rik,3.96,2.80,8.96,4.19,6.52,4.34,11.36,1.78,9.38,0.71,2.27,1.06,1.65,1.10,2.87,0.45,2.37
NM_001033450,Mnda,10.67,14.52,33.86,14.27,74.26,13.92,15.68,14.98,14.84,1.36,3.17,1.34,6.96,1.31,1.47,1.40,1.39
NM_026560,Cdca8,3.24,4.62,4.59,6.46,7.38,12.63,44.44,1.63,44.65,1.42,1.42,1.99,2.27,3.90,13.71,0.50,13.77
NM_031376,Pik3ap1,6.18,4.57,3.82,3.66,11.79,4.55,1.69,3.83,2.55,0.74,0.62,0.59,1.91,0.74,0.27,0.62,0.41
NM_001081215,Ddx60,0.78,1.21,3.45,0.90,7.80,1.16,1.38,1.20,1.72,1.55,4.41,1.15,9.97,1.48,1.76,1.53,2.20
NM_001008498,Wdr34,2.86,4.29,2.03,8.11,4.68,2.32,9.65,5.30,6.29,1.50,0.71,2.84,1.64,0.81,3.38,1.85,2.20
NM_029635,Commd9,4.57,5.52,2.03,5.53,4.83,10.60,7.58,4.30,7.59,1.21,0.45,1.21,1.06,2.32,1.66,0.94,1.66
NM_172275,Trafd1,23.10,26.22,115.01,35.60,238.09,33.16,53.56,24.00,68.75,1.14,4.98,1.54,10.31,1.44,2.32,1.04,2.98
NM_011163,Eif2ak2,0.80,1.32,3.88,1.41,7.80,1.06,1.80,0.68,1.73,1.64,4.83,1.75,9.70,1.32,2.24,0.85,2.15
NM_183201,Slfn5,1.53,1.14,11.29,1.88,36.25,1.05,1.31,1.50,2.02,0.74,7.37,1.23,23.67,0.68,0.85,0.98,1.32
NM_008652,Mybl2,1.46,1.17,1.03,1.11,1.74,3.60,14.74,1.39,15.48,0.80,0.71,0.76,1.20,2.47,10.11,0.95,10.62
NM_172991,C030048B08Rik,6.47,10.64,8.47,5.14,7.12,5.43,2.93,8.55,5.58,1.64,1.31,0.80,1.10,0.84,0.45,1.32,0.86
NM_026185,Abhd15,7.75,3.83,1.55,2.97,0.59,7.60,5.35,9.09,3.56,0.49,0.20,0.38,0.08,0.98,0.69,1.17,0.46
NM_030691,Igsf6,9.23,4.94,4.65,4.82,1.96,5.56,1.91,7.77,0.67,0.54,0.50,0.52,0.21,0.60,0.21,0.84,0.07
NM_026767,Dpm3,20.05,18.06,20.57,16.45,43.44,35.74,18.12,25.75,39.63,0.90,1.03,0.82,2.17,1.78,0.90,1.28,1.98
NM_007623,Cbx2,6.68,14.09,3.07,6.65,3.06,5.61,6.85,7.82,7.30,2.11,0.46,1.00,0.46,0.84,1.03,1.17,1.09
NM_144559,Fcgr4,25.70,4.52,7.33,4.44,8.48,4.08,1.65,2.75,0.64,0.18,0.29,0.17,0.33,0.16,0.06,0.11,0.02
NM_145974,C330016O10Rik,14.94,12.78,8.17,12.98,3.16,15.07,15.70,17.68,17.03,0.86,0.55,0.87,0.21,1.01,1.05,1.18,1.14
NM_008390,Irf1,255.74,231.55,1066.78,237.04,1008.88,418.73,404.64,184.00,428.30,0.91,4.17,0.93,3.95,1.64,1.58,0.72,1.67
NM_178856,Gins2,8.60,6.01,7.83,8.66,5.51,12.05,58.60,5.84,47.64,0.70,0.91,1.01,0.64,1.40,6.81,0.68,5.54
NM_028760,Cep55,1.26,1.78,0.89,1.94,1.45,2.69,9.75,0.97,9.86,1.41,0.71,1.54,1.16,2.14,7.76,0.77,7.85
NM_001100606,Adat3,7.07,2.80,6.73,7.19,4.60,5.47,19.56,7.15,18.21,0.40,0.95,1.02,0.65,0.77,2.77,1.01,2.58
NM_023908,Slco3a1,14.27,8.62,12.69,6.64,30.58,16.84,27.53,14.02,29.58,0.60,0.89,0.47,2.14,1.18,1.93,0.98,2.07
NM_001164602,Amigo2,7.30,5.51,3.90,4.92,8.16,3.40,2.37,3.12,2.43,0.75,0.53,0.67,1.12,0.47,0.32,0.43,0.33
NM_133977,Trf,117.87,13.61,7.81,12.30,3.70,6.52,0.65,9.11,0.62,0.12,0.07,0.10,0.03,0.06,0.01,0.08,0.01
NM_001127346,Ndufaf2,4.69,8.48,7.16,10.25,11.77,15.63,18.30,4.33,16.32,1.81,1.53,2.19,2.51,3.34,3.90,0.92,3.48
NM_013538,Cdca3,14.42,14.04,13.74,13.31,9.57,33.05,143.78,10.10,139.75,0.97,0.95,0.92,0.66,2.29,9.97,0.70,9.69
NM_025892,1500031L02Rik,35.47,24.73,24.06,25.69,11.58,26.43,18.03,20.41,24.53,0.70,0.68,0.72,0.33,0.75,0.51,0.58,0.69
NM_009387,Tk1,10.39,3.86,2.33,6.75,4.20,18.18,81.93,7.74,89.62,0.37,0.22,0.65,0.40,1.75,7.89,0.74,8.63
NM_013876,Rnf11,1.18,6.92,4.07,3.60,6.69,1.66,1.63,3.87,2.73,5.86,3.45,3.05,5.67,1.41,1.38,3.27,2.31
NM_018767,Cd160,6.30,0.90,1.46,0.91,1.23,3.06,5.07,1.24,6.62,0.14,0.23,0.14,0.19,0.49,0.80,0.20,1.05
NM_027212,Med30,62.11,27.59,16.22,12.48,13.53,42.48,54.49,45.21,60.03,0.44,0.26,0.20,0.22,0.68,0.88,0.73,0.97
NM_001163496,Cd160,6.12,0.89,1.43,0.90,1.21,2.99,4.93,1.22,6.44,0.14,0.23,0.15,0.20,0.49,0.81,0.20,1.05
NM_001163497,Cd160,5.64,0.89,1.43,0.83,1.24,2.85,4.56,1.03,6.05,0.16,0.25,0.15,0.22,0.51,0.81,0.18,1.07
NM_009251,Serpina3g,22.92,22.21,169.23,19.63,240.40,53.44,55.48,12.66,47.94,0.97,7.38,0.86,10.49,2.33,2.42,0.55,2.09
NM_009252,Serpina3n,1.02,1.24,6.47,1.05,8.95,2.55,2.98,0.85,2.39,1.22,6.37,1.04,8.81,2.51,2.93,0.84,2.35
NM_026782,1110021J02Rik,2.51,4.96,2.89,5.22,7.60,4.05,4.54,3.63,3.12,1.97,1.15,2.07,3.02,1.61,1.81,1.44,1.24
NM_001033335,Serpina3f,4.14,4.50,30.02,2.67,36.56,9.38,13.69,1.57,11.05,1.09,7.25,0.65,8.83,2.27,3.31,0.38,2.67
NM_001077508,Tnfrsf9,5.05,5.76,27.25,6.19,43.88,13.00,53.09,3.45,49.28,1.14,5.39,1.22,8.68,2.57,10.50,0.68,9.75
NM_001077509,Tnfrsf9,5.02,5.98,26.89,6.05,43.54,12.87,52.54,3.48,48.77,1.19,5.36,1.20,8.67,2.56,10.46,0.69,9.71
NM_027975,Fam83d,1.38,3.50,6.08,2.37,3.95,2.88,14.76,1.17,11.95,2.54,4.41,1.72,2.87,2.09,10.70,0.85,8.67
NM_144526,Fam64a,1.54,1.53,1.85,2.07,1.63,3.33,7.27,1.28,12.06,0.99,1.20,1.34,1.06,2.15,4.71,0.83,7.81
NM_026515,2810417H13Rik,1.48,1.30,1.02,1.22,1.46,3.27,18.75,0.95,18.23,0.88,0.69,0.82,0.99,2.21,12.68,0.65,12.33
NR_003520,Mx1,3.87,6.17,70.91,9.23,170.05,3.57,5.35,1.91,10.67,1.59,18.34,2.39,43.98,0.92,1.38,0.49,2.76
NM_010170,F2rl2,1.36,0.74,4.61,0.65,2.76,2.67,13.35,1.21,14.56,0.55,3.39,0.48,2.03,1.96,9.81,0.89,10.70
NM_010177,Fasl,0.76,1.94,14.00,3.92,23.18,2.07,8.65,1.10,9.10,2.53,18.34,5.14,30.35,2.71,11.33,1.44,11.92
NM_001025779,Cdc6,1.06,0.63,0.89,0.68,0.74,2.22,8.41,0.72,7.49,0.59,0.84,0.64,0.70,2.10,7.96,0.68,7.09
NM_021344,Tesc,21.11,5.15,3.95,3.57,1.80,3.41,10.62,5.04,8.11,0.24,0.19,0.17,0.09,0.16,0.50,0.24,0.38
NM_133706,Tmem97,8.50,17.34,20.61,7.53,16.28,32.58,109.74,12.58,102.21,2.04,2.42,0.89,1.92,3.83,12.91,1.48,12.03
NM_153393,Col23a1,2.03,1.31,3.17,1.30,6.91,2.12,1.49,1.92,2.12,0.65,1.57,0.64,3.41,1.05,0.74,0.95,1.05
NM_025423,1110059E24Rik,1.91,3.37,3.81,3.07,8.73,4.69,6.13,2.41,5.79,1.76,2.00,1.61,4.57,2.45,3.21,1.26,3.03
NM_020583,Isg20,17.49,19.44,129.56,17.69,364.88,21.39,63.85,16.56,69.41,1.11,7.41,1.01,20.86,1.22,3.65,0.95,3.97
NM_145211,Oas1a,20.32,23.38,117.62,34.50,267.73,30.98,64.22,25.32,86.56,1.15,5.79,1.70,13.18,1.52,3.16,1.25,4.26
NM_026530,Mpnd,72.83,49.48,31.55,22.52,29.00,52.84,59.66,56.97,60.68,0.68,0.43,0.31,0.40,0.73,0.82,0.78,0.83
NM_145360,Idi1,3.36,2.12,4.37,2.44,3.34,3.48,13.81,1.38,12.74,0.63,1.30,0.73,0.99,1.04,4.11,0.41,3.79
NM_026054,2810474O19Rik,13.68,15.88,19.91,32.59,25.36,9.75,9.04,10.93,10.58,1.16,1.46,2.38,1.85,0.71,0.66,0.80,0.77
NM_013524,Fut7,2.43,1.33,2.03,1.78,0.57,2.42,9.98,1.19,7.76,0.55,0.84,0.73,0.23,1.00,4.11,0.49,3.19
NM_011710,Wars,15.58,19.12,85.05,23.64,129.19,61.98,84.76,13.20,85.88,1.23,5.46,1.52,8.29,3.98,5.44,0.85,5.51
NM_133836,Il15ra,10.35,3.06,21.44,7.09,23.00,15.42,20.84,5.93,23.16,0.30,2.07,0.68,2.22,1.49,2.01,0.57,2.24
NM_001127351,Sirt3,4.46,6.19,5.30,7.76,6.82,6.25,6.97,14.76,8.30,1.39,1.19,1.74,1.53,1.40,1.56,3.31,1.86
NM_009396,Tnfaip2,3.74,15.75,19.36,15.94,13.46,7.68,3.97,7.62,1.85,4.21,5.17,4.26,3.60,2.05,1.06,2.04,0.50
NM_133859,Olfml3,7.09,8.16,11.62,19.65,7.31,5.10,3.77,7.06,3.75,1.15,1.64,2.77,1.03,0.72,0.53,1.00,0.53
NM_023044,Slc15a3,7.05,16.02,13.99,14.67,14.59,12.51,5.59,10.58,2.48,2.27,1.98,2.08,2.07,1.77,0.79,1.50,0.35
NM_010766,Marco,6.26,2.35,1.81,2.60,1.76,84.12,9.07,84.38,3.22,0.37,0.29,0.42,0.28,13.43,1.45,13.47,0.51
NM_011623,Top2a,2.04,1.79,1.73,1.69,1.71,4.44,23.66,1.66,22.29,0.88,0.85,0.83,0.84,2.18,11.60,0.82,10.93
NM_027290,Mcm10,1.94,1.16,0.88,0.87,1.59,3.45,16.64,0.95,15.90,0.60,0.45,0.45,0.82,1.78,8.59,0.49,8.20
NM_023136,Dtymk,6.18,7.45,7.48,6.79,6.77,17.97,44.21,5.26,43.60,1.21,1.21,1.10,1.10,2.91,7.16,0.85,7.06
NM_026055,Rpl39,100.16,153.20,124.49,134.99,160.17,73.93,50.23,82.18,133.08,1.53,1.24,1.35,1.60,0.74,0.50,0.82,1.33
NM_011568,Thoc4,4.58,2.92,7.07,5.95,4.78,6.73,16.72,4.46,13.11,0.64,1.54,1.30,1.04,1.47,3.65,0.97,2.86
NM_001145198,1500009L16Rik,2.03,2.70,1.59,3.76,3.61,4.14,8.51,1.15,6.04,1.33,0.78,1.85,1.78,2.04,4.19,0.56,2.97
NM_027360,2010107E04Rik,30.45,34.50,41.37,46.90,40.04,18.65,29.28,14.67,65.24,1.13,1.36,1.54,1.32,0.61,0.96,0.48,2.14
NM_001033302,Gm129,1.08,1.41,7.16,3.40,4.27,1.15,2.16,1.41,3.34,1.31,6.64,3.16,3.96,1.06,2.01,1.31,3.10
NM_001109748,Tomm40,68.92,34.70,29.15,16.27,24.19,39.41,194.01,36.01,147.84,0.50,0.42,0.24,0.35,0.57,2.82,0.52,2.15
NM_144539,Slamf7,2.84,1.25,7.87,1.96,8.47,2.31,6.18,1.12,5.58,0.44,2.77,0.69,2.98,0.82,2.18,0.40,1.97
NM_011496,Aurkb,7.66,6.22,6.65,3.79,6.88,15.86,85.10,6.15,91.83,0.81,0.87,0.49,0.90,2.07,11.10,0.80,11.98
NM_026720,Ankrd13d,4.05,4.72,1.12,5.49,0.73,3.93,1.69,9.39,2.42,1.16,0.28,1.36,0.18,0.97,0.42,2.32,0.60
NM_026721,Slc39a13,13.23,11.32,6.01,13.32,6.21,7.38,5.65,16.20,4.78,0.86,0.45,1.01,0.47,0.56,0.43,1.22,0.36
NM_058214,Recql4,1.24,1.18,0.83,0.59,1.25,1.35,6.52,1.26,7.16,0.96,0.67,0.47,1.01,1.09,5.28,1.02,5.80
NM_009099,Trim30,10.82,21.59,44.63,13.67,108.29,10.82,33.29,15.65,32.24,1.99,4.12,1.26,10.01,1.00,3.08,1.45,2.98
NM_009093,Rps29,588.75,396.79,326.62,818.25,631.37,500.09,107.17,562.65,314.58,0.67,0.55,1.39,1.07,0.85,0.18,0.96,0.53
NM_001037493,Slc41a3,5.71,3.22,2.76,3.10,1.17,2.93,1.58,3.10,2.37,0.56,0.48,0.54,0.21,0.51,0.28,0.54,0.42
NM_026436,Tmem86a,56.69,12.34,4.72,10.67,2.13,18.68,2.07,24.61,2.17,0.22,0.08,0.19,0.04,0.33,0.04,0.43,0.04
NM_026438,Ppa1,51.14,36.14,504.16,51.47,715.56,69.55,375.30,19.90,312.78,0.71,9.86,1.01,13.99,1.36,7.34,0.39,6.12
NM_001033168,1700066B19Rik,0.86,0.86,3.73,0.80,3.39,1.64,5.97,0.80,4.89,0.99,4.31,0.92,3.92,1.90,6.91,0.92,5.66
NM_013897,Timm8b,5.95,3.75,9.57,9.42,8.32,11.98,19.46,10.16,14.23,0.63,1.61,1.58,1.40,2.01,3.27,1.71,2.39
NM_022888,Folr4,10.44,8.94,21.74,9.15,21.65,13.01,19.12,6.33,16.20,0.86,2.08,0.88,2.07,1.25,1.83,0.61,1.55
NM_177684,Zfp637,21.47,21.77,25.19,53.76,16.46,38.49,23.77,33.45,28.10,1.01,1.17,2.50,0.77,1.79,1.11,1.56,1.31
NM_001135567,1190007I07Rik,21.32,12.17,18.56,14.30,8.11,22.07,38.65,20.91,37.11,0.57,0.87,0.67,0.38,1.04,1.81,0.98,1.74
NM_001163773,Gm10222,93.41,207.53,115.71,76.90,281.68,66.11,104.97,32.67,91.50,2.22,1.24,0.82,3.02,0.71,1.12,0.35,0.98
NM_145227,Oas2,2.77,3.03,29.80,3.93,80.20,3.79,9.73,4.25,15.03,1.09,10.74,1.42,28.92,1.37,3.51,1.53,5.42
NM_011965,Psma1,16.59,20.39,22.76,25.68,28.32,27.79,65.35,13.76,70.76,1.23,1.37,1.55,1.71,1.67,3.94,0.83,4.26
NM_017466,Ccrl2,1.68,3.73,20.26,2.64,46.77,2.12,5.05,1.39,9.51,2.21,12.03,1.57,27.77,1.26,3.00,0.83,5.65
NM_001164362,Cep55,1.25,1.76,0.89,1.92,1.44,2.67,9.66,0.97,9.77,1.41,0.71,1.54,1.15,2.14,7.74,0.78,7.82
NM_133905,Papd4,18.51,13.62,10.94,6.78,10.61,8.10,13.85,10.23,11.56,0.74,0.59,0.37,0.57,0.44,0.75,0.55,0.62
NM_139144,Ogt,5.48,11.60,6.63,8.82,8.19,4.55,5.38,9.92,5.53,2.12,1.21,1.61,1.50,0.83,0.98,1.81,1.01
NM_011819,Gdf15,1.66,41.74,41.78,44.24,19.46,23.25,1.01,49.74,0.70,25.07,25.10,26.58,11.69,13.96,0.61,29.88,0.42
NM_025674,Tcf19,26.05,18.33,16.41,15.90,13.79,39.93,184.56,18.17,181.63,0.70,0.63,0.61,0.53,1.53,7.08,0.70,6.97
NM_001081024,Setdb2,0.95,0.89,2.59,1.26,8.39,1.18,1.78,1.29,1.38,0.93,2.72,1.32,8.82,1.24,1.87,1.36,1.45
NM_001085500,Cisd3,15.59,2.84,11.70,3.48,4.53,5.68,10.16,8.54,13.00,0.18,0.75,0.22,0.29,0.36,0.65,0.55,0.83
NM_019949,Ube2l6,1.61,0.81,2.78,0.97,8.54,2.66,6.21,1.49,6.62,0.50,1.73,0.61,5.32,1.66,3.87,0.93,4.12
NM_001114637,Jmjd7,7.37,7.08,7.88,15.81,7.49,10.35,9.57,6.25,10.54,0.96,1.07,2.14,1.02,1.40,1.30,0.85,1.43
NM_172422,Fastkd2,2.87,5.18,4.60,2.28,3.73,3.53,9.51,3.90,7.95,1.80,1.60,0.79,1.30,1.23,3.31,1.36,2.77
NM_009895,Cish,15.75,58.54,622.10,102.88,456.19,60.66,422.65,14.52,384.11,3.72,39.50,6.53,28.96,3.85,26.83,0.92,24.39
NM_001159301,Lgals9,76.72,66.94,217.75,69.34,474.92,84.26,98.54,93.99,116.74,0.87,2.84,0.90,6.19,1.10,1.28,1.23,1.52
NM_009873,Cdk6,1.71,2.44,9.89,3.25,8.06,2.66,16.67,0.93,10.79,1.43,5.80,1.90,4.72,1.56,9.77,0.55,6.32
NM_009875,Cdkn1b,8.86,4.07,2.24,3.46,1.58,3.89,1.46,1.80,0.81,0.46,0.25,0.39,0.18,0.44,0.17,0.20,0.09
NM_175026,Pyhin1,4.72,21.17,35.68,13.27,109.12,10.61,17.47,11.74,21.01,4.48,7.55,2.81,23.10,2.25,3.70,2.48,4.45
NM_001098425,Sp3,6.09,5.65,4.50,2.18,3.76,4.66,5.09,5.82,4.92,0.93,0.74,0.36,0.62,0.77,0.84,0.96,0.81
NM_027351,Ppil3,5.78,6.70,4.00,5.76,8.13,11.95,10.83,7.29,10.75,1.16,0.69,1.00,1.41,2.07,1.87,1.26,1.86
NM_019766,Ptges3,41.54,22.77,28.19,47.68,44.94,38.11,59.63,16.11,60.94,0.55,0.68,1.15,1.08,0.92,1.44,0.39,1.47
NM_009270,Sqle,4.44,7.60,14.39,8.34,14.13,8.41,26.13,3.41,22.13,1.71,3.24,1.88,3.18,1.90,5.89,0.77,4.99
NM_019542,Nagk,3.73,5.19,6.53,7.39,3.02,5.58,5.84,6.34,5.47,1.39,1.75,1.98,0.81,1.50,1.56,1.70,1.47
NM_025844,Chordc1,6.81,7.23,10.68,3.55,13.21,5.89,11.94,4.48,10.40,1.06,1.57,0.52,1.94,0.86,1.75,0.66,1.53
NM_022433,Sirt3,4.34,5.83,5.17,7.52,6.62,6.02,6.68,14.27,8.03,1.34,1.19,1.73,1.53,1.39,1.54,3.29,1.85
NM_001037713,Xaf1,2.89,4.36,17.98,6.53,40.31,9.90,10.29,4.14,13.32,1.51,6.23,2.26,13.96,3.43,3.56,1.44,4.61
NM_019494,Cxcl11,0.52,0.85,6.50,2.58,7.31,0.85,1.67,0.50,1.86,1.65,12.57,4.99,14.14,1.65,3.23,0.97,3.60
NM_010287,Gpr83,4.41,2.17,17.83,3.17,17.46,2.88,3.51,1.01,3.29,0.49,4.04,0.72,3.96,0.65,0.79,0.23,0.75
NM_010156,Samd9l,1.35,2.55,4.83,1.87,13.90,1.76,3.38,1.14,4.02,1.89,3.58,1.39,10.32,1.30,2.51,0.84,2.98
NM_013606,Mx2,1.12,4.37,24.64,2.75,62.67,1.28,1.91,1.48,3.12,3.90,21.95,2.45,55.83,1.14,1.70,1.32,2.78
NM_001101597,Gm7244,4.92,2.80,6.34,7.19,7.21,6.04,16.12,2.49,17.25,0.57,1.29,1.46,1.47,1.23,3.28,0.51,3.51
NM_015733,Casp9,8.08,10.92,3.09,5.34,3.13,6.82,4.71,8.19,4.82,1.35,0.38,0.66,0.39,0.84,0.58,1.01,0.60
NM_001111080,Uhrf1,5.72,2.76,3.58,2.81,4.23,10.44,56.91,2.19,51.99,0.48,0.63,0.49,0.74,1.82,9.95,0.38,9.09
NM_026405,Rab32,19.80,15.77,16.73,12.52,8.15,22.47,10.02,26.91,10.18,0.80,0.84,0.63,0.41,1.13,0.51,1.36,0.51
NM_019388,Cd86,3.53,6.27,8.55,4.99,19.46,3.15,5.81,2.20,4.79,1.78,2.43,1.41,5.52,0.89,1.65,0.62,1.36
NM_173363,Eif5,89.68,91.14,70.23,35.99,57.62,61.25,103.38,61.35,87.44,1.02,0.78,0.40,0.64,0.68,1.15,0.68,0.97
NM_026393,Nmral1,6.52,1.19,2.16,3.16,6.29,6.02,14.58,2.82,14.45,0.18,0.33,0.48,0.97,0.92,2.24,0.43,2.22
NM_001113562,Cutc,6.89,7.71,10.68,17.57,12.36,8.25,5.36,9.46,5.98,1.12,1.55,2.55,1.80,1.20,0.78,1.37,0.87
NM_001141977,Tpx2,2.09,2.97,3.06,0.94,4.39,5.06,20.89,1.78,22.24,1.42,1.46,0.45,2.10,2.42,9.98,0.85,10.62
NM_001141976,Tpx2,2.17,3.06,3.18,0.95,4.55,5.27,21.67,1.84,23.03,1.41,1.47,0.44,2.10,2.43,10.01,0.85,10.63
NM_001141975,Tpx2,2.17,3.07,3.19,0.96,4.57,5.28,21.75,1.84,23.12,1.41,1.47,0.44,2.10,2.43,10.02,0.85,10.64
NM_001141978,Tpx2,2.17,3.06,3.19,0.96,4.56,5.28,21.74,1.84,23.10,1.41,1.47,0.44,2.10,2.43,10.01,0.85,10.64
NM_153570,Noc4l,25.18,29.45,66.14,29.91,60.58,37.31,90.97,17.97,86.94,1.17,2.63,1.19,2.41,1.48,3.61,0.71,3.45
NM_001164563,Amigo2,7.23,5.45,3.86,4.87,8.08,3.37,2.35,3.09,2.41,0.75,0.53,0.67,1.12,0.47,0.33,0.43,0.33
NM_001134391,Apobec1,3.76,6.25,5.70,4.11,11.48,6.83,1.58,9.08,1.82,1.66,1.52,1.09,3.06,1.82,0.42,2.42,0.48
NM_001161516,Dctd,7.95,2.01,4.09,3.54,2.32,6.41,18.64,2.57,20.87,0.25,0.51,0.44,0.29,0.81,2.34,0.32,2.62
NM_001161515,Dctd,7.18,1.85,3.79,3.28,2.15,5.81,17.11,2.35,18.84,0.26,0.53,0.46,0.30,0.81,2.38,0.33,2.62
NM_020010,Cyp51,11.50,10.77,19.67,8.02,12.62,9.62,33.25,4.74,27.55,0.94,1.71,0.70,1.10,0.84,2.89,0.41,2.40
NM_172301,Ccnb1,1.73,1.33,1.00,0.88,1.43,4.26,11.46,1.40,12.29,0.77,0.58,0.51,0.82,2.46,6.63,0.81,7.10
NM_028820,1700017B05Rik,14.65,7.65,8.30,10.27,3.77,9.58,16.05,10.85,15.42,0.52,0.57,0.70,0.26,0.65,1.10,0.74,1.05
NM_021384,Rsad2,4.25,25.76,134.01,24.61,320.13,6.88,8.61,6.31,13.49,6.06,31.50,5.79,75.26,1.62,2.02,1.48,3.17
NM_001146275,Iigp1,0.60,1.02,14.69,0.98,34.16,3.92,13.22,0.81,11.95,1.69,24.35,1.62,56.62,6.50,21.91,1.34,19.81
NM_020491,Sssca1,11.32,12.59,9.82,14.89,15.20,24.40,31.99,10.93,34.50,1.11,0.87,1.32,1.34,2.15,2.83,0.97,3.05
NM_011823,Gpr34,1.36,1.32,2.74,2.30,5.55,1.20,1.51,1.02,1.96,0.97,2.01,1.69,4.07,0.88,1.11,0.75,1.44
NM_008332,Ifit2,1.78,4.13,8.48,2.57,20.72,2.45,3.31,2.92,3.28,2.32,4.77,1.45,11.65,1.38,1.86,1.64,1.84
NM_008337,Ifng,1.19,1.81,64.24,1.07,226.79,6.59,180.23,1.61,37.42,1.52,53.98,0.90,190.58,5.54,151.45,1.35,31.44
NM_001159290,Bcl11a,6.76,5.05,3.54,4.77,2.94,4.94,2.52,4.60,1.22,0.75,0.52,0.71,0.44,0.73,0.37,0.68,0.18
NM_026510,Ftsj2,4.76,5.89,2.55,8.42,5.23,11.79,8.63,9.14,7.42,1.24,0.53,1.77,1.10,2.48,1.81,1.92,1.56
NM_008595,Mfng,176.70,118.50,65.03,135.85,31.53,147.25,120.29,189.97,115.12,0.67,0.37,0.77,0.18,0.83,0.68,1.08,0.65
NM_009266,Sephs2,16.02,6.35,8.26,11.27,8.72,17.48,31.47,8.07,33.17,0.40,0.52,0.70,0.54,1.09,1.96,0.50,2.07
NM_010019,Dapk2,2.11,3.17,1.77,1.13,1.00,2.80,4.86,2.85,6.69,1.50,0.84,0.54,0.48,1.32,2.31,1.35,3.17
NM_001163734,Rrp1b,4.63,2.00,5.99,4.12,5.50,5.28,16.20,2.20,14.06,0.43,1.29,0.89,1.19,1.14,3.50,0.48,3.04
NM_019537,Psmg1,9.33,7.79,10.79,10.36,14.83,17.36,33.50,8.00,27.82,0.83,1.16,1.11,1.59,1.86,3.59,0.86,2.98
NM_177473,Tmem191c,1.28,3.05,1.64,3.75,2.73,5.84,0.81,5.69,1.74,2.37,1.28,2.93,2.13,4.55,0.63,4.43,1.36
NR_027759,Dctd,5.90,1.62,3.08,2.86,1.79,4.88,14.22,2.10,15.97,0.27,0.52,0.49,0.30,0.83,2.41,0.36,2.71
NM_178788,Dctd,7.11,1.84,3.76,3.25,2.13,5.75,16.93,2.33,18.64,0.26,0.53,0.46,0.30,0.81,2.38,0.33,2.62
NM_029803,Ifi27l2a,44.60,68.67,81.82,52.10,189.96,151.38,110.90,95.70,171.34,1.54,1.83,1.17,4.26,3.39,2.49,2.15,3.84
NM_001163359,Fignl1,1.27,2.11,1.87,0.65,2.10,4.05,23.79,1.21,19.03,1.66,1.48,0.51,1.66,3.19,18.76,0.95,15.01
NM_013614,Odc1,3.64,15.93,15.68,17.05,18.54,6.68,20.90,3.26,20.94,4.37,4.31,4.68,5.09,1.83,5.74,0.89,5.75
NM_199015,D14Ertd668e,5.12,5.83,19.77,8.34,40.42,7.44,9.51,5.56,12.70,1.14,3.86,1.63,7.90,1.45,1.86,1.09,2.48
NM_029942,Prelid2,0.65,2.71,9.14,6.48,9.05,5.47,12.89,2.86,12.71,4.18,14.09,9.99,13.95,8.43,19.87,4.41,19.59
NM_001018042,Sp3,6.11,5.94,4.56,2.37,3.88,4.80,5.13,5.90,4.98,0.97,0.75,0.39,0.64,0.79,0.84,0.97,0.81
NM_001113529,Csf1,0.92,1.72,9.25,1.48,13.52,1.29,0.75,1.01,1.81,1.87,10.10,1.62,14.75,1.41,0.82,1.10,1.97
NM_001113527,Isg20,19.08,19.85,152.57,19.56,434.96,23.11,75.57,18.39,82.18,1.04,8.00,1.03,22.80,1.21,3.96,0.96,4.31
NM_010235,Fosl1,0.89,4.07,6.22,4.50,3.24,3.26,6.65,0.78,4.70,4.56,6.96,5.03,3.63,3.64,7.44,0.87,5.26
NM_001164355,2810433K01Rik,1.14,1.14,0.78,1.95,0.86,2.24,6.49,1.05,7.19,1.00,0.68,1.71,0.76,1.96,5.70,0.92,6.31
NM_029499,Ms4a4c,10.76,19.66,50.00,22.23,131.12,21.02,57.94,12.52,75.00,1.83,4.65,2.07,12.18,1.95,5.38,1.16,6.97
NM_021718,Ms4a4b,38.05,66.43,130.29,79.57,292.55,78.16,123.84,59.51,177.21,1.75,3.42,2.09,7.69,2.05,3.25,1.56,4.66
NM_138745,Mthfd1,13.47,7.68,14.62,8.23,14.78,20.04,52.78,8.85,48.63,0.57,1.09,0.61,1.10,1.49,3.92,0.66,3.61
NM_021394,Zbp1,32.80,28.95,203.27,45.11,367.33,71.85,160.54,24.00,176.56,0.88,6.20,1.38,11.20,2.19,4.89,0.73,5.38
NM_198299,E130303B06Rik,7.44,6.37,4.38,5.72,4.14,8.75,33.89,3.82,33.95,0.86,0.59,0.77,0.56,1.18,4.55,0.51,4.56
NM_145409,Chtf18,2.11,2.91,2.01,3.20,2.14,4.49,15.39,2.03,14.59,1.38,0.96,1.52,1.02,2.13,7.30,0.96,6.92
NM_001164477,Ifih1,2.09,4.02,14.21,3.73,36.39,2.35,3.34,1.72,4.14,1.92,6.78,1.78,17.37,1.12,1.60,0.82,1.98
NM_176807,Folr4,3.86,3.01,7.77,4.02,8.69,5.00,6.13,2.37,6.28,0.78,2.01,1.04,2.25,1.29,1.59,0.61,1.63
NM_025658,Ms4a4d,0.72,1.75,3.27,1.76,7.21,1.49,3.40,1.00,3.77,2.42,4.54,2.44,10.02,2.07,4.72,1.39,5.23
NM_145393,Ythdf2,25.09,8.87,10.43,19.92,11.41,14.48,19.31,6.06,15.83,0.35,0.42,0.79,0.45,0.58,0.77,0.24,0.63
NM_025495,Cenpp,1.57,0.86,2.49,3.78,1.64,5.90,10.20,1.65,12.90,0.55,1.59,2.41,1.05,3.75,6.50,1.05,8.21
NM_008328,Ifi203,7.22,7.35,23.95,6.29,62.11,5.89,9.90,5.72,10.32,1.02,3.32,0.87,8.61,0.82,1.37,0.79,1.43
NM_001013365,Osm,10.86,6.56,211.02,14.10,192.65,15.83,106.50,6.64,90.46,0.60,19.43,1.30,17.73,1.46,9.80,0.61,8.33
NM_025992,Herc5,2.70,3.55,21.19,4.42,52.02,4.32,10.19,3.66,13.75,1.32,7.86,1.64,19.28,1.60,3.78,1.36,5.10
NM_011728,Xpa,12.71,14.94,10.48,5.81,4.74,9.40,7.20,18.13,7.16,1.18,0.83,0.46,0.37,0.74,0.57,1.43,0.56
NM_026640,Fam111a,2.49,2.50,4.44,1.95,10.53,2.48,10.63,2.06,10.29,1.00,1.78,0.78,4.23,1.00,4.27,0.83,4.13
NM_001145801,Ctla2b,2.89,5.79,2.38,4.19,5.58,1.80,3.98,3.85,4.80,2.01,0.82,1.45,1.93,0.62,1.38,1.33,1.66
NM_011611,Cd40,6.05,11.01,26.73,10.55,38.11,7.63,12.46,2.92,9.58,1.82,4.42,1.74,6.30,1.26,2.06,0.48,1.58
NM_011612,Tnfrsf9,4.98,5.92,26.63,5.97,43.08,12.74,51.87,3.43,48.20,1.19,5.35,1.20,8.65,2.56,10.41,0.69,9.68
NM_011613,Tnfsf11,1.39,2.19,1.89,0.95,1.41,1.98,9.38,0.71,9.25,1.58,1.36,0.68,1.01,1.42,6.75,0.51,6.66
NM_001163741,1110021J02Rik,2.85,3.58,3.53,3.33,7.80,3.56,3.68,3.56,3.89,1.26,1.24,1.17,2.74,1.25,1.29,1.25,1.37
NM_013754,Insl6,15.52,5.05,30.65,9.04,23.61,23.41,18.59,9.38,16.10,0.33,1.98,0.58,1.52,1.51,1.20,0.60,1.04
NM_019963,Stat2,12.79,18.51,83.04,19.55,115.40,18.05,20.63,8.79,28.39,1.45,6.49,1.53,9.03,1.41,1.61,0.69,2.22
NM_029839,Trub1,1.63,3.12,3.36,1.16,2.80,3.15,7.50,4.51,6.77,1.91,2.06,0.71,1.71,1.93,4.59,2.76,4.15
NM_010130,Emr1,14.82,3.37,3.84,3.22,1.89,10.16,2.04,10.19,1.57,0.23,0.26,0.22,0.13,0.69,0.14,0.69,0.11
NM_001163360,Fignl1,1.27,2.13,1.93,0.65,2.08,4.15,24.24,1.23,19.49,1.67,1.51,0.51,1.63,3.25,19.02,0.96,15.29
NM_027733,5133400G04Rik,5.61,5.95,6.14,12.25,8.34,9.02,22.51,5.05,20.03,1.06,1.10,2.19,1.49,1.61,4.01,0.90,3.57
NM_026069,Rpl37,1521.85,1018.80,1363.59,2079.59,1376.45,1585.59,392.25,1304.31,1141.69,0.67,0.90,1.37,0.90,1.04,0.26,0.86,0.75
NM_009663,Alox5ap,36.70,9.62,4.08,4.69,4.25,9.16,2.21,7.14,2.63,0.26,0.11,0.13,0.12,0.25,0.06,0.19,0.07
NM_183161,Slc17a9,44.01,32.85,41.05,44.30,20.47,37.43,31.67,46.15,34.30,0.75,0.93,1.01,0.47,0.85,0.72,1.05,0.78
NM_016871,Tomm40,73.14,36.83,30.89,17.26,25.67,41.83,205.97,38.23,156.86,0.50,0.42,0.24,0.35,0.57,2.82,0.52,2.14
NM_177640,D030056L22Rik,42.29,32.85,13.96,9.19,12.16,13.83,44.87,13.51,36.31,0.78,0.33,0.22,0.29,0.33,1.06,0.32,0.86
NM_025866,Cdca7,7.10,4.32,7.77,4.71,8.69,13.96,61.15,4.64,61.32,0.61,1.09,0.66,1.22,1.97,8.62,0.65,8.64
NM_025465,1810029B16Rik,7.29,8.58,10.76,9.57,12.24,11.58,24.67,5.29,21.10,1.18,1.48,1.31,1.68,1.59,3.38,0.73,2.90
NM_001146057,Acot7,35.68,14.42,41.39,19.71,36.58,47.18,301.45,20.87,287.38,0.40,1.16,0.55,1.03,1.32,8.45,0.58,8.05
NM_011733,Csda,9.67,14.36,19.07,16.49,18.61,12.47,34.87,5.87,29.96,1.48,1.97,1.71,1.92,1.29,3.61,0.61,3.10
NM_026282,Spc24,3.23,2.10,1.08,1.56,1.04,5.53,31.42,2.59,27.92,0.65,0.33,0.48,0.32,1.71,9.73,0.80,8.65
NM_029000,Gvin1,1.59,1.65,6.54,1.87,9.84,5.34,4.10,1.39,4.62,1.04,4.11,1.18,6.19,3.36,2.58,0.87,2.90
NM_009689,Birc5,4.87,6.45,4.54,4.18,4.69,24.82,86.14,4.71,99.06,1.33,0.93,0.86,0.96,5.10,17.70,0.97,20.36
NM_029005,Mlkl,0.75,1.04,5.79,0.70,15.22,1.72,7.18,0.92,7.63,1.38,7.70,0.93,20.23,2.28,9.53,1.22,10.14
NM_028287,Zufsp,4.98,11.08,30.41,4.61,47.62,6.20,6.27,4.60,5.50,2.23,6.11,0.93,9.57,1.25,1.26,0.92,1.11
NM_030060,Batf3,11.82,2.25,2.50,3.52,2.60,5.97,15.87,6.30,7.12,0.19,0.21,0.30,0.22,0.51,1.34,0.53,0.60
NM_181316,Bbs9,3.34,3.11,1.60,3.19,3.61,5.69,1.49,6.29,2.78,0.93,0.48,0.95,1.08,1.70,0.44,1.88,0.83
NM_010821,Mpeg1,5.70,4.22,3.36,3.62,7.76,4.04,1.76,3.06,1.58,0.74,0.59,0.63,1.36,0.71,0.31,0.54,0.28
NM_145441,Ubxn2a,5.51,7.41,6.05,5.21,6.57,6.37,8.59,2.85,7.76,1.35,1.10,0.95,1.19,1.16,1.56,0.52,1.41
NM_001139519,Zbp1,65.67,64.29,456.62,103.23,722.48,146.65,388.77,48.41,420.90,0.98,6.95,1.57,11.00,2.23,5.92,0.74,6.41
NM_001139516,Rbl1,6.65,6.28,12.25,6.26,12.27,7.03,10.66,3.43,10.59,0.94,1.84,0.94,1.85,1.06,1.60,0.52,1.59
NM_011992,Rcn2,62.20,31.99,31.77,15.38,23.25,28.53,41.76,30.76,35.11,0.51,0.51,0.25,0.37,0.46,0.67,0.49,0.56
NM_008822,Pex7,24.76,18.13,23.11,7.96,14.02,12.67,22.49,15.73,24.35,0.73,0.93,0.32,0.57,0.51,0.91,0.64,0.98
NM_009841,Cd14,6.06,5.06,5.25,9.01,2.29,7.29,3.23,6.10,1.21,0.83,0.87,1.49,0.38,1.20,0.53,1.01,0.20
NM_001037918,Lipt1,3.78,8.94,4.59,5.15,10.23,6.23,4.50,5.52,3.61,2.36,1.21,1.36,2.71,1.65,1.19,1.46,0.95
NM_139198,Plac8,44.26,40.83,80.47,41.74,183.08,78.11,157.75,54.35,182.71,0.92,1.82,0.94,4.14,1.76,3.56,1.23,4.13
NM_009403,Tnfsf8,2.49,2.90,7.52,9.33,10.02,2.89,4.00,2.72,4.93,1.16,3.02,3.75,4.02,1.16,1.61,1.09,1.98
NM_011520,Sdc3,35.83,7.93,17.60,8.97,37.58,9.21,7.98,11.40,10.10,0.22,0.49,0.25,1.05,0.26,0.22,0.32,0.28
NM_001161712,Gcat,5.28,2.42,1.96,3.26,0.84,8.87,22.21,5.28,23.48,0.46,0.37,0.62,0.16,1.68,4.20,1.00,4.44
NM_023372,Rpl38,402.23,172.25,197.02,569.85,259.52,393.41,63.67,409.90,200.85,0.43,0.49,1.42,0.65,0.98,0.16,1.02,0.50
NM_010708,Lgals9,72.46,63.27,207.15,65.71,450.75,79.80,93.31,88.94,110.21,0.87,2.86,0.91,6.22,1.10,1.29,1.23,1.52
NM_027411,Ccdc99,1.73,3.86,3.48,2.24,3.68,3.77,11.11,1.60,8.46,2.23,2.01,1.29,2.12,2.18,6.42,0.92,4.89
NM_013632,Pnp1,6.94,10.59,19.26,12.54,40.78,15.65,24.72,12.48,29.38,1.53,2.78,1.81,5.88,2.26,3.56,1.80,4.23
NM_018739,rp9,197.04,158.77,74.86,68.02,51.12,175.19,151.25,196.68,137.42,0.81,0.38,0.35,0.26,0.89,0.77,1.00,0.70
NM_018736,Mre11a,4.55,7.43,7.87,3.50,9.40,5.88,13.64,3.46,12.17,1.63,1.73,0.77,2.06,1.29,3.00,0.76,2.67
NM_019437,Rfk,30.92,27.20,23.59,12.98,19.40,21.92,21.22,19.58,20.35,0.88,0.76,0.42,0.63,0.71,0.69,0.63,0.66
NM_001111079,Uhrf1,5.51,2.67,3.46,2.71,4.08,10.03,54.78,2.12,50.00,0.48,0.63,0.49,0.74,1.82,9.95,0.39,9.08
NM_001111078,Uhrf1,5.68,2.75,3.56,2.79,4.21,10.37,56.51,2.18,51.63,0.48,0.63,0.49,0.74,1.82,9.95,0.38,9.09
NM_177410,Bcl2,29.12,23.12,72.65,61.27,68.21,24.12,50.91,25.45,48.90,0.79,2.49,2.10,2.34,0.83,1.75,0.87,1.68
NM_007975,F2rl3,7.83,0.69,2.15,1.01,1.77,6.75,14.55,2.61,16.54,0.09,0.27,0.13,0.23,0.86,1.86,0.33,2.11
NM_010212,Fhl2,9.16,2.82,6.63,3.07,8.13,4.61,16.76,2.25,19.64,0.31,0.72,0.34,0.89,0.50,1.83,0.25,2.14
