<archive xmlns="http://rs.tdwg.org/dwc/text/" metadata="eml.xml">
  <core encoding="utf-8" fieldsTerminatedBy="\t" linesTerminatedBy="\n" fieldsEnclosedBy="" ignoreHeaderLines="1" rowType="http://rs.tdwg.org/dwc/terms/Occurrence">
    <files>
      <location>occurrence.txt</location>
    </files>
    <id index="0" />
    <field index="1" term="http://purl.org/dc/terms/modified"/>
    <field index="2" term="http://rs.tdwg.org/dwc/terms/institutionCode"/>
    <field index="3" term="http://rs.tdwg.org/dwc/terms/collectionCode"/>
    <field index="4" term="http://rs.tdwg.org/dwc/terms/basisOfRecord"/>
    <field index="5" term="http://rs.tdwg.org/dwc/terms/catalogNumber"/>
    <field index="6" term="http://rs.tdwg.org/dwc/terms/eventDate"/>
    <field index="7" term="http://rs.tdwg.org/dwc/terms/fieldNumber"/>
    <field index="8" term="http://rs.tdwg.org/dwc/terms/continent"/>
    <field index="9" term="http://rs.tdwg.org/dwc/terms/countryCode"/>
    <field index="10" term="http://rs.tdwg.org/dwc/terms/stateProvince"/>
    <field index="11" term="http://rs.tdwg.org/dwc/terms/county"/>
    <field index="12" term="http://rs.tdwg.org/dwc/terms/locality"/>
    <field index="13" term="http://rs.tdwg.org/dwc/terms/minimumElevationInMeters"/>
    <field index="14" term="http://rs.tdwg.org/dwc/terms/maximumElevationInMeters"/>
    <field index="15" term="http://rs.tdwg.org/dwc/terms/decimalLatitude"/>
    <field index="16" term="http://rs.tdwg.org/dwc/terms/decimalLongitude"/>
    <field index="17" term="http://rs.tdwg.org/dwc/terms/coordinateUncertaintyInMeters"/>
    <field index="18" term="http://rs.tdwg.org/dwc/terms/scientificName"/>
    <field index="19" term="http://rs.tdwg.org/dwc/terms/kingdom"/>
    <field index="20" term="http://rs.tdwg.org/dwc/terms/phylum"/>
    <field index="21" term="http://rs.tdwg.org/dwc/terms/class"/>
    <field index="22" term="http://rs.tdwg.org/dwc/terms/order"/>
    <field index="23" term="http://rs.tdwg.org/dwc/terms/family"/>
    <field index="24" term="http://rs.tdwg.org/dwc/terms/genus"/>
    <field index="25" term="http://rs.tdwg.org/dwc/terms/specificEpithet"/>
    <field index="26" term="http://rs.tdwg.org/dwc/terms/infraspecificEpithet"/>
    <field index="27" term="http://rs.tdwg.org/dwc/terms/scientificNameAuthorship"/>
  </core>
</archive>
